{"cameraMode":{"drawMode":0,"name":"Shaded","section":"Shading Mode"},"sceneLighting":true,"audioPlay":false,"sceneViewState":{"showFog":true,"showMaterialUpdate":false,"showSkybox":true,"showFlares":true,"showImageEffects":true,"showParticleSystems":true},"in2DMode":false,"pivot":{"x":-0.7803866267204285,"y":-6.587616920471191,"z":-9.225507736206055},"rotation":{"x":-0.01595665141940117,"y":0.9507905840873718,"z":-0.3054131865501404,"w":-0.04967524856328964},"size":10.300000190734864,"orthographic":false}